{
    "Swin Transformer": {
        "true_positives": 416,
        "false_positives": 127,
        "false_negatives": 126,
        "total_images": 998,
        "precision": 0.7661141804788214,
        "recall": 0.7675276752767528,
        "f1_score": 0.7668202764976959,
        "avg_iou": 0.7643970615671768,
        "avg_inference_time_ms": 31.00211276320035
    },
    "YOLO12s-CBAM-CA": {
        "true_positives": 506,
        "false_positives": 35,
        "false_negatives": 36,
        "total_images": 998,
        "precision": 0.9353049907578558,
        "recall": 0.933579335793358,
        "f1_score": 0.9344413665743306,
        "avg_iou": 0.8791649326064445,
        "avg_inference_time_ms": 23.359150590304143
    }
}